data_1,data_2
4.5596404,0.5806759
