data_1,data_2,data_3,data_4,data_5,data_6,data_7,data_8,data_9,data_10,data_11,data_12,data_13,data_14,data_15,data_16,data_17,data_18,data_19,data_20,data_21,data_22,data_23,data_24,data_25,data_26,data_27,data_28,data_29,data_30,data_31,data_32,data_33,data_34,data_35,data_36,data_37,data_38,data_39,data_40,data_41,data_42,data_43,data_44,data_45,data_46,data_47,data_48,data_49,data_50
10.952659,10.151177,9.266912,8.650414,8.278289,7.872391,7.247688,6.625575,6.2573676,5.8969846,5.5364676,5.3076386,4.63572,4.103418,3.623533,3.1848454,3.0783017,2.6539476,2.5509236,2.5274591,2.6669736,2.2699418,2.345649,2.0999885,2.2479434,2.2493286,2.0668395,1.7666779,1.5479487,1.7824473,1.4273927,1.136945,0.95932907,1.0945649,1.3862919,1.2122121,0.95843136,1.0936723,1.0316968,0.9834567,0.9737849,0.9895074,0.8095512,0.52618283,0.7821953,0.81110215,0.68568444,0.83906305,0.8614373,0.78350997
