$\theta_1$,$\theta_2$
0.815364,-1.1116607
