parameter_1,parameter_2
0.6864617,-2.6300862
