parameter_1,parameter_2
-0.105321735,0.7988316
