parameter_1,parameter_2
2.3793154,-1.2955767
