data_1,data_2,data_3,data_4,data_5,data_6,data_7,data_8,data_9,data_10,data_11,data_12,data_13,data_14,data_15,data_16,data_17,data_18,data_19,data_20,data_21,data_22,data_23,data_24,data_25,data_26,data_27,data_28,data_29,data_30,data_31,data_32,data_33,data_34,data_35,data_36,data_37,data_38,data_39,data_40,data_41,data_42,data_43,data_44,data_45,data_46,data_47,data_48,data_49,data_50
11.477762,10.80016,10.055713,9.523798,8.965749,8.741014,8.386376,7.9211135,7.568428,7.209448,6.79494,6.267768,5.657171,5.3629932,5.125525,4.725092,4.847574,4.7137647,4.501084,4.4229,4.2805905,4.38264,3.9744174,3.8729687,3.8534765,3.8891315,3.754558,3.61214,3.772252,3.889952,3.678289,3.4120965,3.0701985,2.9423752,2.6229405,2.542392,2.7179976,2.420786,2.2316067,2.3754969,2.277726,2.1128333,2.293261,2.1699216,2.020803,1.9570749,1.9821875,1.755583,1.9314456,2.0920632
