$\theta_1$,$\theta_2$
0.53753626,-0.8094804
