parameter_1,parameter_2,parameter_3,parameter_4
2.0920641,0.33910805,2.3718147,0.007189989
