data_1,data_2,data_3,data_4,data_5,data_6,data_7,data_8,data_9,data_10
-1.178401,-0.88462156,1.8013695,-2.0098763,2.032693,0.14566481,0.8318467,2.9685314,1.3732718,-0.40782434
