parameter_1,parameter_2,parameter_3,parameter_4,parameter_5,parameter_6,parameter_7,parameter_8,parameter_9,parameter_10
-0.105321735,0.7988316,1.2898498,-2.7877288,0.96453834,-0.23481843,-0.08350073,1.7507256,0.26394427,-1.6931386
