data_1,data_2,data_3,data_4,data_5,data_6,data_7,data_8,data_9,data_10,data_11,data_12,data_13,data_14,data_15,data_16,data_17,data_18,data_19,data_20,data_21,data_22,data_23,data_24,data_25,data_26,data_27,data_28,data_29,data_30,data_31,data_32,data_33,data_34,data_35,data_36,data_37,data_38,data_39,data_40,data_41,data_42,data_43,data_44,data_45,data_46,data_47,data_48,data_49,data_50
11.880461,11.838941,11.8898945,11.66356,11.461712,11.315424,11.307118,11.119895,11.19933,11.263103,11.347186,11.20048,11.286775,11.372381,11.457317,11.146192,11.062479,11.145562,10.860971,11.149032,11.436996,11.740879,11.57257,11.538218,11.459995,11.167613,11.124555,11.237358,11.16267,10.866872,10.633095,10.514805,10.156918,10.099922,9.880577,10.013266,10.13734,9.773493,9.572024,9.431961,9.421782,9.548049,9.232495,9.4013405,9.222333,9.38008,9.292303,9.128228,9.060523,8.838353
