$\theta_1$,$\theta_2$
0.09116721,-1.1513612
