parameter_1,parameter_2,parameter_3,parameter_4
1.6844013,0.062027037,2.4767864,0.1902104
