data_1,data_2
6.857285,-3.8515635
