parameter_1,parameter_2
11.896577,-6.4778833
