data_1,data_2,data_3,data_4,data_5,data_6,data_7,data_8,data_9,data_10,data_11,data_12,data_13,data_14,data_15,data_16,data_17,data_18,data_19,data_20,data_21,data_22,data_23,data_24,data_25,data_26,data_27,data_28,data_29,data_30,data_31,data_32,data_33,data_34,data_35,data_36,data_37,data_38,data_39,data_40,data_41,data_42,data_43,data_44,data_45,data_46,data_47,data_48,data_49,data_50
11.863911,11.825969,11.547305,11.607968,11.641968,11.627782,11.688712,11.752833,12.278091,12.399724,12.37425,12.146281,12.142381,12.203503,12.021847,11.779054,11.727122,11.533337,11.729336,11.925454,12.013502,11.815322,11.696345,11.732566,12.109255,12.128408,12.060971,11.906089,11.821431,11.469966,11.416308,11.2162075,11.124633,11.283987,11.122271,11.181811,11.419741,11.375265,11.478699,11.114341,10.821863,10.77328,10.700574,10.570394,10.381025,10.319575,10.448273,10.435645,10.35789,10.228046
