$\theta_1$,$\theta_2$
0.026969075,-1.6053343
