parameter_1,parameter_2,parameter_3,parameter_4
1.6270863,0.002200961,1.909649,0.65885884
