data_1,data_2,data_3,data_4,data_5,data_6,data_7,data_8,data_9,data_10
0.05034689,-4.0479026,-1.2482251,0.4982971,1.4327389,1.9436482,-0.8296293,0.5118085,0.4728134,-0.13798983
