parameter_1,parameter_2,parameter_3,parameter_4,parameter_5,parameter_6,parameter_7,parameter_8,parameter_9,parameter_10
0.93504417,-2.7638059,-0.27476776,0.49819925,0.7812,0.97055453,-1.810896,-0.036536492,-0.2785486,-1.1993273
