parameter_1,parameter_2,parameter_3,parameter_4
1.5523534,0.914751,2.0529962,0.45035118
