data_1,data_2
-3.0488179,-1.9521964
