data_1,data_2,data_3,data_4,data_5,data_6,data_7,data_8,data_9,data_10
-2.2243714,-0.90362936,-0.9113344,0.16372749,1.9753847,2.234357,1.2690445,1.0914085,0.005350806,2.911283
