parameter_1,parameter_2,parameter_3,parameter_4,parameter_5,parameter_6,parameter_7,parameter_8,parameter_9,parameter_10
-1.0388646,-0.15474422,-0.61513853,-0.46681592,0.5952168,1.3961251,0.2489369,0.46081245,-0.9193258,2.0702312
