data_1,data_2
4.2042027,-3.3870862
