parameter_1,parameter_2
3.3790212,-2.2626212
