data_1,data_2
1.7289563,0.5197266
