parameter_1,parameter_2,parameter_3,parameter_4
1.4729338,0.2121597,1.9708974,0.45827937
