data_1,data_2
-1.2978959,-1.2465546
