data_1,data_2,data_3,data_4,data_5,data_6,data_7,data_8,data_9,data_10,data_11,data_12,data_13,data_14,data_15,data_16,data_17,data_18,data_19,data_20,data_21,data_22,data_23,data_24,data_25,data_26,data_27,data_28,data_29,data_30,data_31,data_32,data_33,data_34,data_35,data_36,data_37,data_38,data_39,data_40,data_41,data_42,data_43,data_44,data_45,data_46,data_47,data_48,data_49,data_50
11.291669,10.837262,10.11606,9.459239,8.681844,8.140639,7.5639877,7.386316,7.090051,6.588545,6.361247,5.936934,5.796859,5.373191,5.219629,5.326706,5.2894344,5.136946,5.27292,5.1119313,4.9370394,4.683219,4.8973985,4.913163,4.7440605,4.70679,4.809731,4.842445,4.502882,4.1130795,3.966098,3.8275151,4.1452494,4.149624,4.229731,3.9134011,3.6753116,3.60035,3.5954428,3.605071,3.5290518,3.5756621,3.6655717,3.6338644,3.5496993,3.746063,3.6695185,3.9442887,3.8567274,3.9993906
