$\theta_1$,$\theta_2$
0.9473929,1.4356973
