data_1,data_2
3.9062457,-12.690372
