parameter_1,parameter_2
4.675221,-13.819029
