data_1,data_2,data_3,data_4,data_5,data_6,data_7,data_8,data_9,data_10
0.036302656,-2.7167373,-0.8401801,1.6453454,0.9775695,0.33574367,1.4408736,-0.89545804,2.4425688,2.180408
