parameter_1,parameter_2,parameter_3,parameter_4,parameter_5,parameter_6,parameter_7,parameter_8,parameter_9,parameter_10
1.0219741,-1.5240457,-0.50222665,0.7740334,-0.16547172,-0.55726403,0.36393803,-1.8918036,1.3924413,0.17339413
