data_1,data_2,data_3,data_4,data_5,data_6,data_7,data_8,data_9,data_10,data_11,data_12,data_13,data_14,data_15,data_16,data_17,data_18,data_19,data_20,data_21,data_22,data_23,data_24,data_25,data_26,data_27,data_28,data_29,data_30,data_31,data_32,data_33,data_34,data_35,data_36,data_37,data_38,data_39,data_40,data_41,data_42,data_43,data_44,data_45,data_46,data_47,data_48,data_49,data_50
11.519246,11.353834,11.134599,10.688148,10.051641,9.721091,9.351698,9.105179,8.925536,8.846069,8.749203,8.594832,8.830435,8.494868,8.189819,7.615012,7.6153893,7.2534633,6.8150544,6.714103,6.4187436,6.212555,6.064574,5.8228846,5.6505733,5.7834654,5.6627455,5.445801,5.315162,5.236764,5.3085446,5.235482,5.28424,5.228448,5.0767336,4.867245,4.7923717,4.905137,4.768064,4.7105937,4.357891,4.3280315,4.118835,3.971314,3.929565,3.658992,3.4670644,3.520111,3.4028409,3.3235214
