$\theta_1$,$\theta_2$
0.28385788,-1.9911962
