parameter_1,parameter_2
-0.43617427,0.14430377
