data_1,data_2
-1.5076324,-4.826651
