data_1,data_2
-7.942137,1.8638783
