data_1,data_2,data_3,data_4,data_5,data_6,data_7,data_8,data_9,data_10
-0.78384405,0.7847481,2.6573691,0.3072183,1.2966311,0.5506117,2.1218486,1.2542865,-0.54882896,1.2391284
