parameter_1,parameter_2,parameter_3,parameter_4,parameter_5,parameter_6,parameter_7,parameter_8,parameter_9,parameter_10
-0.43617427,0.14430377,1.6801132,-0.39390013,0.5431031,-0.26781774,0.64160866,0.61917806,-1.4169649,0.0078297295
