data_1,data_2
3.0384748,-0.6225107
