parameter_1,parameter_2
0.93504417,-2.7638059
