data_1,data_2,data_3,data_4,data_5,data_6,data_7,data_8,data_9,data_10
-1.8477864,-2.1671917,-0.6377904,1.4345988,0.961055,0.8833766,2.1586623,2.1171749,1.0998108,1.4060357
