parameter_1,parameter_2,parameter_3,parameter_4,parameter_5,parameter_6,parameter_7,parameter_8,parameter_9,parameter_10
-0.22102815,-1.6929622,-1.5271634,0.0037391067,-0.3375423,-0.2851798,1.1047528,0.84820366,-0.44960037,0.2675095
