data_1,data_2
3.2502246,-16.070244
