parameter_1,parameter_2
3.4323084,-13.150431
