parameter_1,parameter_2,parameter_3,parameter_4
2.0906093,0.0026551485,2.1602015,0.3399567
