data_1,data_2
3.4310966,-6.0661497
