parameter_1,parameter_2
5.1098704,-7.620229
