parameter_1,parameter_2,parameter_3,parameter_4
1.4801921,0.7483757,1.9982284,0.28092194
