data_1,data_2
1.6148721,-0.09575266
