parameter_1,parameter_2
-0.22102815,-1.6929622
