data_1,data_2,data_3,data_4,data_5,data_6,data_7,data_8,data_9,data_10
-0.07382572,-0.53617567,2.08734,1.4706615,-0.34375316,0.77135146,0.2762953,1.9124796,1.0556642,-0.9686044
