parameter_1,parameter_2,parameter_3,parameter_4,parameter_5,parameter_6,parameter_7,parameter_8,parameter_9,parameter_10
0.67580426,-0.45252424,1.2024678,0.7277984,-1.5588093,-0.03650636,-0.18373121,0.61057675,0.31776637,-1.6676191
