data_1,data_2,data_3,data_4,data_5,data_6,data_7,data_8,data_9,data_10,data_11,data_12,data_13,data_14,data_15,data_16,data_17,data_18,data_19,data_20,data_21,data_22,data_23,data_24,data_25,data_26,data_27,data_28,data_29,data_30,data_31,data_32,data_33,data_34,data_35,data_36,data_37,data_38,data_39,data_40,data_41,data_42,data_43,data_44,data_45,data_46,data_47,data_48,data_49,data_50
11.828526,11.720629,11.907405,11.586339,11.794393,11.545471,11.537459,11.58203,11.219236,11.080753,10.788671,10.579153,10.671755,10.736998,10.890829,10.753951,10.953163,10.787587,10.8126335,10.869942,11.145792,11.169186,11.299767,11.1458645,11.278646,11.063961,10.985384,10.865738,10.4959755,10.386067,10.231596,10.293168,10.094597,10.243056,10.021595,9.847638,9.915919,9.785768,9.848349,9.630087,9.674084,9.605135,9.739535,9.458715,9.292874,9.087081,9.032256,8.732945,8.536208,8.693557
