$\theta_1$,$\theta_2$
0.07644659,0.12848186
