parameter_1,parameter_2
-1.0388646,-0.15474422
