data_1,data_2
-2.3256865,-2.5708795
