parameter_1,parameter_2
1.0219741,-1.5240457
