data_1,data_2,data_3,data_4,data_5,data_6,data_7,data_8,data_9,data_10,data_11,data_12,data_13,data_14,data_15,data_16,data_17,data_18,data_19,data_20,data_21,data_22,data_23,data_24,data_25,data_26,data_27,data_28,data_29,data_30,data_31,data_32,data_33,data_34,data_35,data_36,data_37,data_38,data_39,data_40,data_41,data_42,data_43,data_44,data_45,data_46,data_47,data_48,data_49,data_50
10.853971,9.878848,9.120981,8.426465,7.6858253,7.0075564,6.3139153,5.7592707,5.4716516,5.1463075,4.733571,4.720452,4.4967504,3.9165926,3.6078405,3.4367895,3.3051486,3.1964774,2.603878,2.4021652,2.3246126,2.0016572,2.1087801,1.8252312,1.7705857,1.7986422,1.5687567,1.4549693,1.1994228,1.0835973,1.0752573,0.84037364,0.70948064,0.4892174,0.60979617,0.3351186,0.3969314,0.3540081,0.23951249,0.20695278,0.13798672,0.28861952,0.46161914,0.2707597,0.4140492,0.51491946,0.73321414,0.8065134,0.7523053,0.5455618
