$\theta_1$,$\theta_2$
0.8632616,-1.9893794
