data_1,data_2
2.7403197,0.8811595
