data_1,data_2,data_3,data_4,data_5,data_6,data_7,data_8,data_9,data_10,data_11,data_12,data_13,data_14,data_15,data_16,data_17,data_18,data_19,data_20,data_21,data_22,data_23,data_24,data_25,data_26,data_27,data_28,data_29,data_30,data_31,data_32,data_33,data_34,data_35,data_36,data_37,data_38,data_39,data_40,data_41,data_42,data_43,data_44,data_45,data_46,data_47,data_48,data_49,data_50
11.452658,11.083154,10.758027,10.805255,10.287277,10.00122,9.701268,9.284988,8.844874,8.598419,8.372957,8.141048,7.794169,7.353857,7.1298466,7.0717998,6.812912,6.349302,5.8726916,5.7111464,5.584266,5.3028164,4.9450564,4.8505936,4.3776646,4.38846,4.3511667,3.8731403,3.6782165,3.2692916,3.119432,3.0204673,2.7977173,2.6257343,2.4173627,2.6926303,2.589024,2.5739403,2.597679,2.3386102,2.3613207,2.4764116,2.5588548,2.4205067,2.1683927,2.4579225,2.3999796,2.4757423,2.0140004,1.8729408
