$\theta_1$,$\theta_2$
0.31861252,-0.8125856
