data_1,data_2
1.0127509,-5.397838
