parameter_1,parameter_2
-2.1808715,0.7215189
