data_1,data_2
2.415484,1.2784793
