parameter_1,parameter_2
0.67580426,-0.45252424
