$\theta_1$,$\theta_2$
0.72703886,1.9753141
