parameter_1,parameter_2
-0.5266087,3.9941578
