parameter_1,parameter_2,parameter_3,parameter_4
2.0710094,0.50657713,1.710571,0.809858
