data_1,data_2
-7.305155,-2.2967086
