data_1,data_2,data_3,data_4,data_5,data_6,data_7,data_8,data_9,data_10
1.8206823,-2.5824318,-2.1785092,0.36796382,0.7403853,2.433287,1.7585729,-0.26412764,1.1371738,-1.1247758
