parameter_1,parameter_2,parameter_3,parameter_4,parameter_5,parameter_6,parameter_7,parameter_8,parameter_9,parameter_10
2.3793154,-1.2955767,-1.3326702,1.7078098,0.33761206,1.4142846,0.47574976,-1.4043112,0.103745356,-2.3477995
