parameter_1,parameter_2,parameter_3,parameter_4
1.4790633,0.50582033,2.246892,0.5614427
