parameter_1,parameter_2,parameter_3,parameter_4,parameter_5,parameter_6,parameter_7,parameter_8,parameter_9,parameter_10
0.6864617,-2.6300862,-0.23899652,-1.3819969,-0.45606333,1.015186,-1.5865792,0.9007829,-1.1319937,-2.2223186
