data_1,data_2
-6.320117,-5.3157635
