data_1,data_2,data_3,data_4,data_5,data_6,data_7,data_8,data_9,data_10
-1.3713434,-2.425627,-2.656464,2.3307693,2.8085227,1.3943264,1.8230424,1.0051843,0.3128349,1.3818702
