parameter_1,parameter_2,parameter_3,parameter_4,parameter_5,parameter_6,parameter_7,parameter_8,parameter_9,parameter_10
-0.37691447,-1.471586,-2.5384905,1.4956526,1.4093565,0.5059842,0.8200318,-0.46530548,-0.6527604,0.90499
