parameter_1,parameter_2
-0.37691447,-1.471586
