parameter_1,parameter_2,parameter_3,parameter_4
1.544915,0.50093275,1.7625196,0.79821366
